label,note,supplier_clean,ch_company_name,ch_active,ch_town,match_tier,probe_scope,primary_category,business_type,supplier_tokens_n,supplier_norm,ch_norm,shared_tokens,extra_sup_tokens,extra_ch_tokens,score_token_set,score_wratio,anchor_token,anchor_df,amount,ch_company_number
N,"""VYTA SECURE LTD"",""NI040520""   this should be a direct match",Vyta Secure Ltd,SECURE GROUP HOLDINGS LIMITED,TRUE,ST. NEOTS,loose,candidates,extra_token_only,Other / unclassified,2,vyta secure,secure,secure,vyta,,100,90,secure,2186,660.5,10507250
N,,GTSD,GTSD SERVICES LTD,TRUE,NOTTINGHAM,clean,no_match,trailing_generic,Other / unclassified,1,gtsd,gtsd services,gtsd,,services,100,90,gtsd,1,9350,16235690
N,"THE WCD GROUP LIMITED,""05072220""   a straight removal of ltd/plc/Limited etc from the ch list etc would have made a direct match ",The WCD Group Ltd,THE WCD GROUP HOLDINGS LIMITED,TRUE,READING,clean,candidates,extra_token_only,Other / unclassified,1,wcd,wcd,wcd,,,100,100,wcd,10,489.38,5961387
N,"""AIRO LIMITED"",""SC352424""    a straight removal of ltd/plc/Limited etc from the ch list etc would have made a direct match ",Airo,AIRO ACOUSTICS LIMITED,TRUE,ASHLEY GREEN,head_modifier,candidates,extra_token_only,Other / unclassified,1,airo,airo acoustics,airo,,acoustics,100,90,airo,23,1928,2176690
N,"D.P. DESIGNS LIMITED,""04859838""",DP Ltd,125 DP LIMITED,TRUE,ASHFORD,clean,candidates,extra_token_only,Other / unclassified,1,dp,125 dp,dp,,125,100,90,dp,1362,128001.7,17188260
N,"""SAVARIA LIFTS (UK) LTD."",""04109393""    previous name: HANDICARE ACCESSIBILITY LIMITED",Handicare,HANDICARE HOLDING LIMITED,TRUE,KINGSWINFORD,head_modifier,no_match,extra_token_only,Other / unclassified,1,handicare,handicare holding,handicare,,holding,100,90,handicare,2,5662.5,7111460
NC,,Woodvale Estate Tenants And Residents Association,118 RESIDENTS ASSOCIATION LIMITED,TRUE,LONDON,loose,no_match,block_miss,Property & facilities,5,woodvale estate tenants residents association,118 residents association,association residents,woodvale estate tenants,118,91,85,residents,13327,1613,1754220
N,"""AXA INSURANCE UK PLC"",""00078950""",AXA Insurance,AXA ART INSURANCE LIMITED,TRUE,nan,head_modifier,candidates,extra_token_only,Insurance,2,axa insurance,axa art insurance,axa insurance,,art,100,95,axa,86,14328.29,AC000861
N,"""BUDGET APPLIANCES OF BECKENHAM LIMITED"",""10563689""",Budget Appliances,BUDGET APPLIANCES AND FURNITURE LIMITED,TRUE,LUTON,head_modifier,candidates,extra_token_only,Other / unclassified,2,budget appliances,budget appliances furniture,appliances budget,,furniture,100,90,budget,347,31168.5,15325380
N,,RE Today Services,R & E GROUP LIMITED,TRUE,SOUTHEND-ON-SEA,loose,candidates,trailing_generic,Other / unclassified,3,re today services,re,re,today services,,100,60,re,2189,24989.7,13901324
N,,Bostall Heath Bowls Club,BOSTALL GROUP LIMITED,TRUE,LEICESTER,loose,no_match,extra_token_only,Other / unclassified,4,bostall heath bowls club,bostall,bostall,heath bowls club,,100,90,bostall,12,10000,12303101
N,"""SIMPLYHEALTH GROUP LIMITED"",""05445654""",Simplyhealth,SIMPLYHEALTH ACCESS,TRUE,ANDOVER,head_modifier,candidates,extra_token_only,Other / unclassified,1,simplyhealth,simplyhealth access,simplyhealth,,access,100,90,simplyhealth,11,25873.55,183035
N,"""ECOTRICITY LIMITED"",""03043412"" incorrectly selected a branch not the main ltd entity",Ecotricity Ltd,ECOTRICITY (ALVESTON STORAGE) LIMITED,TRUE,STROUD,head_modifier,candidates,extra_token_only,Other / unclassified,1,ecotricity,ecotricity alveston storage,ecotricity,,alveston storage,100,90,ecotricity,28,2760601.85,11631831
Y,"""PAYGATE SOLUTIONS LIMITED"",""03206476""",Paygate,PAYGATE SOLUTIONS LIMITED,TRUE,OXFORDSHIRE,clean,no_match,trailing_generic,Other / unclassified,1,paygate,paygate solutions,paygate,,solutions,100,90,paygate,2,75709.85,3206476
Y,,Hotjar,HOTJAR UK LIMITED,TRUE,LONDON,clean,no_match,trailing_generic,Other / unclassified,1,hotjar,hotjar uk,hotjar,,uk,100,90,hotjar,1,1219.41,13462764
N,"CREATIVE ACTIVITY GROUP LIMITED,""NI669375"" a straight removal of ltd/plc/Limited etc from the ch list etc would have made a direct match ",Creative Activity Group Ltd,&&& CREATIVE LIMITED,TRUE,LONDON,loose,candidates,extra_token_only,Media & marketing,2,creative activity,creative,creative,activity,,100,90,creative,13556,91200,7153865
N,,Stewart,'STEWART INTEGRATED SYSTEMS' LTD,TRUE,EDINBURGH,head_modifier,candidates,extra_token_only,Other / unclassified,1,stewart,stewart integrated systems,stewart,,integrated systems,100,90,stewart,1248,1109592.71,SC409169
Y,,2u Getsmarter Ltd,2U GETSMARTER (UK) LIMITED,TRUE,LONDON,clean,candidates,trailing_generic,Other / unclassified,2,2u getsmarter,2u getsmarter uk,2u getsmarter,,uk,100,95,getsmarter,2,7060,10838351
N,,Call/kol,CALL LTD,TRUE,HAWICK,loose,no_match,extra_token_only,Other / unclassified,2,call kol,call,call,kol,,100,90,call,1146,5000,SC873839
N,"""MILLS FAMILY LIMITED"",""03591061""  removing leading THE and ltd/LIMITED would produce direct match",The Mills Family Ltd,AND THE FAMILY LTD,TRUE,BRISTOL,loose,candidates,extra_token_only,Other / unclassified,2,mills family,family,family,mills,,100,90,family,8118,6286010.08,14538442
N,"TELENSA LTD,""04498125""  this should have been a direct match",Telensa Ltd,TELENSA HOLDINGS LIMITED,TRUE,CAMBRIDGE,clean,candidates,extra_token_only,Other / unclassified,1,telensa,telensa,telensa,,,100,100,telensa,2,341235.5,9833747
Y,,Pluralsight LLC,PLURALSIGHT EUROPE LIMITED,TRUE,MANCHESTER,head_modifier,no_match,extra_token_only,Other / unclassified,1,pluralsight,pluralsight europe,pluralsight,,europe,100,90,pluralsight,1,13746.41,9459142
N,"""WHATS.ON BRIGHTON LTD"",""16654139""",Whatson,WHATSON SHERLOCK LIMITED,TRUE,HARROW,head_modifier,no_match,extra_token_only,Other / unclassified,1,whatson,whatson sherlock,whatson,,sherlock,100,90,whatson,1,1150,12038977
Y,,Tavazo,TAVAZO UK LTD,TRUE,LONDON,clean,no_match,trailing_generic,Other / unclassified,1,tavazo,tavazo uk,tavazo,,uk,100,90,tavazo,1,6.49,16328381
Y,,Care Living UK Ltd,CARE LIVING LTD,TRUE,LONDON,clean,candidates,trailing_generic,Care & support services,3,care living uk,care living,care living,uk,,100,95,living,9330,43425.53,14069319
Y,,Help Handz Ltd,HELP HANDZ C.I.C.,FALSE,SOUTHPORT,head_modifier,candidates,extra_token_only,Other / unclassified,2,help handz,help handz cic,handz help,,cic,100,95,handz,19,50636.25,8929302
N,"""JJ FOOD SERVICE LIMITED"",""02330996""  near eact match No space between the words food and service",JJ Foodservice S,FOODSERVICE HOLDINGS LIMITED,TRUE,BALLYMENA,loose,candidates,extra_token_only,Other / unclassified,3,jj foodservice s,foodservice,foodservice,jj s,,100,95,foodservice,176,445.1,NI688648
N,"EXACTA PLC,""07081359""    missed an exact match",Exacta Plc,EXACTA AGENCIES LIMITED,TRUE,LONDON,head_modifier,candidates,extra_token_only,Other / unclassified,1,exacta,exacta agencies,exacta,,agencies,100,90,exacta,20,31755.95,13329206
N,"""LLOYD SIMPSON INCENTIVES LIMITED""   using the 3 letter mnumonic would and excluding ltd would have found an exact match or identifiued the best candidate",LSI,L S I OFFICE LIMITED,TRUE,BRISTOL,head_modifier,candidates,extra_token_only,Other / unclassified,1,lsi,lsi office,lsi,,office,100,90,lsi,53,5868.16,5037524
Y,,Logotech Ltd,LOGOTECH DISPLAY SOLUTIONS LIMITED,TRUE,NORTHUMBERLAND,head_modifier,no_match,trailing_generic,Other / unclassified,1,logotech,logotech display solutions,logotech,,display solutions,100,90,logotech,1,4866.56,4543941
N,"""EPLATFORMS LTD"",""03954521""   new rule where .co  ignore trailing text (Ebooks) to perform match, in thi instance s is plural of eplatform",Eplatform.co Ebooks,OAK EBOOKS LTD,TRUE,NEWCASTLE UPON TYNE,loose,no_match,block_miss,Other / unclassified,2,eplatform ebooks,oak ebooks,ebooks,eplatform,oak,75,85,ebooks,14,389.68,5792929
Y,,Achieving For Children,ACHIEVING FOR CHILDREN COMMUNITY INTEREST COMPANY,TRUE,TWICKENHAM,clean,no_match,abbrev_expansion,Other / unclassified,3,achieving for children,achieving for children community interest,achieving children for,,community interest,100,90,achieving,48,493361879.4,8878185
N,,Station Place Food And WI,COMPANY - PLACE LIMITED,TRUE,LEIGHTON BUZZARD,loose,candidates,extra_token_only,Catering & food,4,station place food wi,place,place,station food wi,,100,90,place,8193,640.32,11279526
N,"CAPITALL LTD,""08824047""    exact match possible",Capitall Ltd,CAPITALL A LIMITED,TRUE,LONDON,clean,candidates,extra_token_only,Other / unclassified,1,capitall,capitall a,capitall,,a,100,95,capitall,9,14844,17095446
N,"CATCH 22 CHARITY LIMITED,""06577534""",Catch22,CATCH22 BY DAVID CHAMBERLAIN LTD,TRUE,GRIMSBY,head_modifier,no_match,extra_token_only,Other / unclassified,1,catch22,catch22 by david chamberlain,catch22,,by david chamberlain,100,90,catch22,6,343768.69,15411235
Y,,Inspiratio* Inspiratio,INSPIRATIO LIMITED,TRUE,HENLEY-ON-THAMES,clean,no_match,extra_token_only,Other / unclassified,2,inspiratio inspiratio,inspiratio,inspiratio,,,100,90,inspiratio,1,954,13580087
NC,GN means Great Northern (railway) it’s a station,GN Potters Bar,BAR GROUP LTD,TRUE,CROWBOROUGH,loose,no_match,extra_token_only,Other / unclassified,3,gn potters bar,bar,bar,gn potters,,100,90,bar,8082,67.8,12134204
N,,Adworks,ADWORKS DESIGN LTD,TRUE,LEIGHTON BUZZARD,head_modifier,no_match,extra_token_only,Other / unclassified,1,adworks,adworks design,adworks,,design,100,90,adworks,10,3400,3870905
N,,The North London Health Centre,52 NORTH HEALTH LTD,TRUE,BARLEYTHORPE,loose,no_match,block_miss,GP / medical practice,4,north london health centre,52 north health,health north,london centre,52,88,85,north,17205,630,11460425
N," previous name: ""WATERLOGIC GB LIMITED"" for this company: ""CULLIGAN (UK) LIMITED"",""02418453""",Waterlogic,WATERLOGIC FINANCE 2 LIMITED,TRUE,READING,head_modifier,candidates,extra_token_only,Other / unclassified,1,waterlogic,waterlogic finance 2,waterlogic,,finance 2,100,90,waterlogic,5,1457.77,11415204
N,"prefer not the holding company. This is correct company: ""SWITCHSHOP LIMITED"",""03771032""",Switchshop Ltd,SWITCHSHOP HOLDINGS LIMITED,TRUE,HITCHIN,clean,candidates,extra_token_only,Other / unclassified,1,switchshop,switchshop,switchshop,,,100,100,switchshop,2,448413.84,11033907
Y,,Imcs Plc,I.M.C.S. (UK) LIMITED,TRUE,ROMFORD,clean,no_match,trailing_generic,Other / unclassified,1,imcs,imcs uk,imcs,,uk,100,90,imcs,5,4730,3177488
N,"Wp-  is a prefix without following space to indicate cash card payment. Correct company would otherwise direct match to: ""KAMSET DIGITAL LIMITED"",""02470055""",Wp-kamset Digital,5 DIGITAL LTD,TRUE,TETBURY,loose,no_match,block_miss,IT & technology,3,wp kamset digital,5 digital,digital,wp kamset,5,87,85,digital,19562,2382.26,12910861
N,,Wild Ocean Events,OCEAN CO HOLDINGS LIMITED,TRUE,LOUGHBOROUGH,loose,candidates,extra_token_only,Other / unclassified,3,wild ocean events,ocean,ocean,wild events,,100,90,ocean,2457,94000,16024252
N,this is a carehome ,Medihands Lodge,LODGE GROUP HOLDINGS LIMITED,TRUE,HEATHFIELD,loose,no_match,extra_token_only,Accommodation / hotel,2,medihands lodge,lodge,lodge,medihands,,100,90,lodge,4905,328002.18,10470542
N,,Cherrycroft,CHERRYCROFT DEVELOPMENT MANAGEMENT COMPANY LIMITED,TRUE,STROUD,head_modifier,no_match,extra_token_only,Other / unclassified,1,cherrycroft,cherrycroft development management,cherrycroft,,development management,100,90,cherrycroft,6,21488,7636068
Y,,Jsryan Ltd,JSRYAN (UK) LTD,TRUE,WATFORD,clean,no_match,trailing_generic,Other / unclassified,1,jsryan,jsryan uk,jsryan,,uk,100,90,jsryan,1,67024.64,9955220
N,"WPG LIMITED,""02613569""   this should be a direct match",WPG Ltd,28 WPG LTD,TRUE,LONDON,clean,candidates,extra_token_only,Other / unclassified,1,wpg,28 wpg,wpg,,28,100,90,wpg,22,63852.44,14270041
N,"""STACE CONSTRUCTION SERVICES LTD"",""16418225""   ",Stace Construction And Property Consulta,AND CONSTRUCTION GROUP LTD,TRUE,LONDON,loose,candidates,extra_token_only,Construction & contracting,4,stace construction property consulta,construction,construction,stace property consulta,,100,90,construction,54612,283334,17097120
N,,Art Services Ltd,01 ART SERVICES LTD.,TRUE,EPPING,clean,candidates,extra_token_only,Arts & culture,2,art services,01 art services,art services,,1,100,95,art,7112,23291.14,2689059
NC,This is train a journey,P Benfleet To,BENFLEET HOLDINGS LTD,TRUE,BENFLEET ESSEX,clean,no_match,trailing_generic,Other / unclassified,3,p benfleet to,benfleet,benfleet,p to,,100,90,benfleet,98,8.3,10156475
N,"This is a registered charity. Correct nbame: ""SINFONIETTA PRODUCTIONS LIMITED"",""00926551""",London Sinfonietta,AND LONDON LTD,TRUE,MANCHESTER,loose,no_match,extra_token_only,Other / unclassified,2,london sinfonietta,london,london,sinfonietta,,100,90,london,47905,1729.8,11279883
N,"should have been direct match: ""GREATBATCH LIMITED"",""03046611""",Greatbatch Ltd,GREATBATCH ELECTRICAL LTD,TRUE,THORNTON CLEVELEYS,head_modifier,candidates,extra_token_only,Other / unclassified,1,greatbatch,greatbatch electrical,greatbatch,,electrical,100,90,greatbatch,3,1748993.21,11596183
N,"should have been direct match: COMMUNITY PRODUCTS (UK) LIMITED,""03498955""",Community Products Ltd,AND PRODUCTS LIMITED,TRUE,BROMSGROVE,clean,candidates,extra_token_only,Charity / voluntary,2,community products,products,products,community,,100,90,products,8322,125571.74,11812551
N,,Restaurante Vietnam,VIETNAM RESTAURANT LTD,TRUE,SWANSEA,loose,no_match,prefix_abbrev,Other / unclassified,2,restaurante vietnam,vietnam restaurant,vietnam,restaurante,restaurant,97,92,vietnam,51,20.37,13888236
Y,,Cooperscroft,COOPERSCROFT CARE HOME LIMITED,TRUE,HARROW,head_modifier,no_match,extra_token_only,Other / unclassified,1,cooperscroft,cooperscroft care home,cooperscroft,,care home,100,90,cooperscroft,1,385387,8290986
Y,,Kimand Ltd,KIMAND (UK) LTD,TRUE,LONDON,clean,no_match,trailing_generic,Other / unclassified,1,kimand,kimand uk,kimand,,uk,100,90,kimand,1,591937.56,5132361
N,"should have been direct match:  ""NEXT GROUP PLC"",""11118708""     ",Next Group Plc,1ST NEXT STOP STORE LTD,TRUE,CASTLEFORD,loose,candidates,extra_token_only,Other / unclassified,1,next,1st next stop store,next,,1st stop store,100,90,next,2500,33362.64,17055828
N,"""AY SOLICITORS LTD"",""13839803""",AY Law Solicitors,A & Y LAW LTD,TRUE,LONDON,loose,candidates,extra_token_only,Legal services,3,ay law solicitors,ay law,ay law,solicitors,,100,90,ay,390,250,10256361
Y,,NBHD Ltd,NBHD GROUP LIMITED,TRUE,NORTH SHIELDS,clean,candidates,extra_token_only,Other / unclassified,1,nbhd,nbhd,nbhd,,,100,100,nbhd,3,1150,4640604
N,missing in local file but exists online,London Property Online Ltd,LONDON ONLINE LTD,TRUE,MANCHESTER,loose,candidates,extra_token_only,Property & facilities,3,london property online,london online,london online,property,,100,85,online,6180,320195.94,16759852
N,,Albany Practice,ALBANY GROUP HOLDINGS LTD,TRUE,FAREHAM,loose,candidates,extra_token_only,GP / medical practice,2,albany practice,albany,albany,practice,,100,90,albany,479,20556,10382326
N,"should have been direct match: ""MEL RESEARCH LIMITED"",""03000946""",MEL Research Ltd,LP RESEARCH LTD,TRUE,LEEDS,loose,candidates,extra_token_only,Other / unclassified,2,mel research,research,research,mel,,100,90,research,5779,682358.36,17166777
N,,P Dutson,DUTSON & DUTSON LIMITED,TRUE,STOCKPORT,clean,no_match,extra_token_only,Other / unclassified,2,p dutson,dutson dutson,dutson,p,,100,85,dutson,6,13135,7817314
N,"""CREW CLOTHING CO. LIMITED"",""03265824"" near exact match",Crew Clothing,COOKIES CREW CLOTHING LIMITED,TRUE,BIRMINGHAM,loose,candidates,extra_token_only,Other / unclassified,2,crew clothing,cookies crew clothing,clothing crew,,cookies,100,90,crew,1048,67,9447086
N,,KFH,KFH & SONS LIMITED,TRUE,ENFIELD,head_modifier,candidates,extra_token_only,Other / unclassified,1,kfh,kfh sons,kfh,,sons,100,90,kfh,20,2068.29,17006938
NC,train station,Wood Green,138 WOOD GREEN LTD,TRUE,LONDON,clean,candidates,extra_token_only,Other / unclassified,2,wood green,138 wood green,green wood,,138,100,95,wood,5063,45.4,14458656
N,,ANC,A.N.C HAULAGE LIMITED,TRUE,WELLINGBOROUGH,head_modifier,candidates,extra_token_only,Other / unclassified,1,anc,anc haulage,anc,,haulage,100,90,anc,84,241.63,11484984
Y,,Infermiera Group,INFERMIERA HEALTHCARE LTD,TRUE,HEMEL HEMPSTEAD,head_modifier,no_match,extra_token_only,Other / unclassified,1,infermiera,infermiera healthcare,infermiera,,healthcare,100,90,infermiera,1,108649.61,12676936
N,,Nasen,"NASEN NEW MATERIAL (TIANJIN) CO., LTD",TRUE,GILLINGHAM,head_modifier,no_match,extra_token_only,Other / unclassified,1,nasen,nasen new material tianjin,nasen,,new material tianjin,100,90,nasen,2,9950,15266367
Y,,Stoneshaw,STONESHAW ESTATES LIMITED,TRUE,HORNCHURCH,clean,no_match,trailing_generic,Other / unclassified,1,stoneshaw,stoneshaw estates,stoneshaw,,estates,100,90,stoneshaw,1,4173.1,6551881
N,,Kuljit Bhogal KC,BHOGAL & CO LIMITED,TRUE,WEST MIDLANDS,loose,no_match,extra_token_only,Other / unclassified,3,kuljit bhogal kc,bhogal,bhogal,kuljit kc,,100,90,bhogal,55,7350,5728183
Y,"EAST GB LIMITED,""05467831""",The Safer Food Group,A J SAFER FOOD SERVICES LTD,TRUE,LAUNCESTON,loose,candidates,trailing_generic,Catering & food,2,safer food,aj safer food services,food safer,,aj services,100,90,safer,222,14.4,16283220
N,branch of leon restaurant,London Bridge Leon,BRIDGE AND COMPANY LIMITED,TRUE,HORNCHURCH,loose,candidates,extra_token_only,Other / unclassified,3,london bridge leon,bridge,bridge,london leon,,100,90,bridge,5057,10.89,7469034
N,,St. Elizabeth S Home,ELIZABETH HOLDINGS PLC,TRUE,IPSWICH,loose,no_match,extra_token_only,Other / unclassified,4,st elizabeth s home,elizabeth,elizabeth,st s home,,100,90,elizabeth,886,12819.2,3536231
Y,,Bosence Farm,BOSENCE FARM COMMUNITY LIMITED,TRUE,HAYLE,clean,no_match,abbrev_expansion,Other / unclassified,2,bosence farm,bosence farm community,bosence farm,,community,100,90,bosence,3,40,4263352
Y,,Careoline,CAREOLINE CARERS SERVICES LIMITED,TRUE,LONDON,head_modifier,no_match,trailing_generic,Other / unclassified,1,careoline,careoline carers services,careoline,,carers services,100,90,careoline,1,43538.71,9296600
N,,Mtaylor,MTAYLOR CLOTHING LIMITED,TRUE,CHELMSFORD,head_modifier,no_match,extra_token_only,Other / unclassified,1,mtaylor,mtaylor clothing,mtaylor,,clothing,100,90,mtaylor,1,14.6,15386486
N,"Near exact match: ""VENTRO LTD"",""08765695""",Ventro Group,VENTRO FIRE COMPLIANCE LTD,FALSE,LONDON,head_modifier,candidates,extra_token_only,Other / unclassified,1,ventro,ventro fire compliance,ventro,,fire compliance,100,90,ventro,6,1318351.01,11864117
N,"choose the more generic ""TELEFONICA DIGITAL LIMITED"",""07884976""  not more specialised cyber security",Telefonica Ltd,TELEFONICA CYBERSECURITY TECH UK LIMITED,TRUE,READING,head_modifier,candidates,trailing_generic,Other / unclassified,1,telefonica,telefonica cybersecurity tech uk,telefonica,,cybersecurity tech uk,100,90,telefonica,9,134146.64,12490724
N,,Cafe,0X 0000 DEAD BEEF CAFE LTD,TRUE,BRIGHTON,loose,candidates,extra_token_only,Catering & food,1,cafe,0x 0000 dead beef cafe,cafe,,0x 0000 dead beef,100,90,cafe,8401,12.9,15747986
Y ,,Flat White,FLAT FLAT WHITE LTD,TRUE,GLASGOW,clean,candidates,extra_token_only,Other / unclassified,2,flat white,flat flat white,flat white,,,100,90,flat,1868,7,SC656275
N,"""SYNNOVIS ANALYTICS LLP"",""OC392043""   previous name: ""VIAPATH ANALYTICS LLP""",Viapath Analytics LLP,ANALYTICS INCORPORATED LTD,TRUE,MATLOCK,loose,candidates,extra_token_only,Legal services,2,viapath analytics,analytics,analytics,viapath,,100,90,analytics,2448,2405,14923250
N,,Student Management Services Ltd,STUDENT CASTLE PROPERTY MANAGEMENT SERVICES LIMITED,TRUE,FAREHAM,head_modifier,candidates,extra_token_only,Other / unclassified,3,student management services,student castle property management services,management services student,,castle property,100,85,student,1317,3860,7119911
N,"should be a direct match: ""RIVERCITY LIMITED"",""OE007376""",Rivercity Ltd,RIVERCITY CURRY AND PIZZA LIMITED,TRUE,HOUNSLOW,head_modifier,candidates,extra_token_only,Other / unclassified,1,rivercity,rivercity curry pizza,rivercity,,curry pizza,100,90,rivercity,7,117124.64,11705232
N,"should be a near (regen short for regeneration)   direct match: ""ANDY ALGAR REGENERATION CONSULTANCY LIMITED"",""15756202""",Andy Algar Regen Consult Ltd,ALGAR GROUP LIMITED,TRUE,EPSOM,loose,no_match,extra_token_only,Consultancy,4,andy algar regen consult,algar,algar,andy regen consult,,100,90,algar,26,1442,15972181
N,"should be a direct match: ""KABE LTD"",""04675292""",Kabe Ltd,KABE ART LTD,TRUE,LONDON,head_modifier,candidates,extra_token_only,Other / unclassified,1,kabe,kabe art,kabe,,art,100,90,kabe,12,25820.48,15538919
N,"near direct match: ""XP HOUSE CLEANING LTD"",""15091480""",XP House Cleaning Service,AKME HOUSE CLEANING SERVICE LTD,TRUE,LEICESTER,loose,candidates,block_miss,Cleaning services,4,xp house cleaning service,akme house cleaning service,cleaning house service,xp,akme,93,88,service,13780,800,16721746
N,,Apad,APAD EXCHANGE LIMITED,TRUE,FARNBOROUGH,head_modifier,no_match,extra_token_only,Other / unclassified,1,apad,apad exchange,apad,,exchange,100,90,apad,4,150,10747237
N,"""THE ENVIRONMENT PARTNERSHIP (TEP) LIMITED"",""07745159""   mnumonic and words are almost identical",The Environment Partnership Ltd,&ENVIRONMENT LIMITED,TRUE,PONTESBURY,clean,candidates,trailing_generic,Other / unclassified,2,environment partnership,environment,environment,partnership,,100,90,environment,628,4960,9530554
N,"should be a dierct match: ""THE TC GROUP LTD"",""03757133""",The TC Group Ltd,10 TC LTD.,TRUE,CROYDON,clean,candidates,extra_token_only,Other / unclassified,1,tc,10 tc,tc,,10,100,90,tc,1290,5590.49,3705062
N,missing in download :  AAPT LTD    Company number 10963487,Aapt,AAPT ORTHOPAEDICS LIMITED,TRUE,NEWCASTLE UPON TYNE,head_modifier,no_match,extra_token_only,Other / unclassified,1,aapt,aapt orthopaedics,aapt,,orthopaedics,100,90,aapt,4,2910,8483292
N,missing in download :  SCAFFOLDING DIRECT LIMITED    Company number 14952454,Scaffolding Direct,DIRECT ACCESS SCAFFOLDING LTD,TRUE,CHATHAM,loose,no_match,extra_token_only,Building trades,2,scaffolding direct,direct access scaffolding,direct scaffolding,,access,100,95,scaffolding,6176,50.3,9988888
N,,KOL Chai Hatch End Jewish Community,COMMUNITY HATCH LIMITED,TRUE,SOUTHAMPTON,loose,no_match,extra_token_only,Charity / voluntary,6,kol chai hatch end jewish community,community hatch,community hatch,kol chai end jewish,,100,85,hatch,411,8578.21,15265595
N,,Lsop Ltd,LSOP MOUNT ST JOSEPH'S LTD,TRUE,LONDON,head_modifier,no_match,extra_token_only,Other / unclassified,1,lsop,lsop mount st josephs,lsop,,mount st josephs,100,90,lsop,1,950,15613775
Y,,Barnardos Service Ltd,BARNARDO'S,TRUE,"BARKINGSIDE , ILFORD",clean,no_match,trailing_generic,Other / unclassified,2,barnardos service,barnardos,barnardos,service,,100,90,barnardos,2,3525159.69,61625
N,,Gallery Space Ltd,1963 GALLERY SPACE LIMITED,TRUE,LONDON,clean,candidates,extra_token_only,Arts & culture,2,gallery space,1963 gallery space,gallery space,,1963,100,95,gallery,1724,1000,10259676
N,"should be a direct exact match (there is a space before the 4): ""ORBIT4 UK LIMITED"",""09837708""",Orbit 4 UK Ltd,"D-ORBIT UK, LTD",TRUE,LONDON,clean,no_match,block_miss,Other / unclassified,3,orbit 4 uk,d orbit uk,orbit uk,4,d,90,85,orbit,486,5850,11832960
Y,,Distancelearningcentre,DISTANCELEARNINGCENTRE.COM LTD,TRUE,TODMORDEN,head_modifier,candidates,extra_token_only,Other / unclassified,1,distancelearningcentre,distancelearningcentre com,distancelearningcentre,,com,100,95,distancelearningcentre,1,225,4918981
Y,,Cressingham Gardens,CRESSINGHAM GARDENS COMMUNITY LTD,TRUE,LONDON,clean,no_match,abbrev_expansion,Other / unclassified,2,cressingham gardens,cressingham gardens community,cressingham gardens,,community,100,90,cressingham,9,194294.14,9182609
N,"VERIFONE (U.K.) LIMITED,""02230494""",Verifone Services,VERIFONE LTD,TRUE,CHELMSFORD,clean,no_match,trailing_generic,Other / unclassified,2,verifone services,verifone,verifone,services,,100,90,verifone,3,5719.34,16719572
N,"""SUMNER PRODUCTIONS LTD"",""11345908""   previous name: ""AATOS LTD""",Aatos Ltd,AATOS LEGAL TECHNOLOGY LTD,TRUE,WARWICK,head_modifier,no_match,extra_token_only,Other / unclassified,1,aatos,aatos legal technology,aatos,,legal technology,100,90,aatos,1,2960,15368786
Y,,Adidaswww.adidas.co.uk,ADIDAS (U.K.) LIMITED,TRUE,STOCKPORT,loose,no_match,extra_token_only,Other / unclassified,3,adidaswww adidas uk,adidas uk,adidas uk,adidaswww,,100,90,adidas,2,120,1075951
NC,this is in the FCA register not Ch list,Mount Green Housing Associatio,GREEN HOUSING GROUP LTD,TRUE,BIRMINGHAM,loose,candidates,extra_token_only,Housing provider,4,mount green housing associatio,green housing,green housing,mount associatio,,100,90,housing,10319,9618.56,16152000
N,,Shamland,SHAMLAND COFFEE & NUTS LTD,TRUE,LONDON,head_modifier,no_match,extra_token_only,Other / unclassified,1,shamland,shamland coffee nuts,shamland,,coffee nuts,100,90,shamland,1,110.34,15500500
Y,,Deciem,DECIEM UK LTD.,TRUE,LONDON,clean,no_match,trailing_generic,Other / unclassified,1,deciem,deciem uk,deciem,,uk,100,90,deciem,1,15.9,8375251
Y,,Anesco Ltd,ANESCO (EURO) LIMITED,TRUE,GOSPORT,head_modifier,candidates,extra_token_only,Other / unclassified,1,anesco,anesco euro,anesco,,euro,100,90,anesco,13,77664.16,3271353
N,"direct match but with periods separating CIC: ""WORK WORKS TRAINING SOLUTIONS C.I.C."",",Work Works Training Solutions CIC,&WORK LTD,TRUE,NORTHWICH,loose,candidates,trailing_generic,Training & tuition,4,work works training solutions,work,work,works training solutions,,100,90,work,2647,409754.8,16236516
Y,,Printpond.* Printpond,PRINTPOND LIMITED,TRUE,BRIGHTON,clean,no_match,extra_token_only,Other / unclassified,2,printpond printpond,printpond,printpond,,,100,90,printpond,1,412.64,14892366
NC,Trello is Foreign owned software ,Trello Inc,TRELLO PROJECTS LTD,TRUE,LONDON,head_modifier,no_match,extra_token_only,Other / unclassified,1,trello,trello projects,trello,,projects,100,90,trello,1,18930.84,16187179
NC,in the list of charities not ch,RSPB,RSPB NATURE REGEN LTD,TRUE,BEDFORDSHIRE,head_modifier,no_match,extra_token_only,Other / unclassified,1,rspb,rspb nature regen,rspb,,nature regen,100,90,rspb,3,49,14776951
N,missing in download :  WITNESHAM LIMITED  Company number 08899734,Witnesham Ltd,WITNESHAM (SUFFOLK) LIMITED,TRUE,IPSWICH,head_modifier,no_match,extra_token_only,Other / unclassified,1,witnesham,witnesham suffolk,witnesham,,suffolk,100,90,witnesham,5,100245.64,11296657
N,,Elite,1 ELITE SERVICES LTD,TRUE,SHEFFIELD,clean,candidates,trailing_generic,Other / unclassified,1,elite,1 elite services,elite,,1 services,100,90,elite,8253,623.55,17079609
Y,,Btct,BTCT TRADING LIMITED,TRUE,BRIDGWATER,clean,no_match,trailing_generic,Other / unclassified,1,btct,btct trading,btct,,trading,100,90,btct,1,200,9174224
N,missing in download :  A MILLION VOICES LTD   Company number 13817883,Million Voices Ltd,50 MILLION VOICES,TRUE,nan,clean,candidates,extra_token_only,Other / unclassified,2,million voices,50 million voices,million voices,,50,100,95,million,205,71252.5,CE021889
Y,,Cory Environmental Ltd,CORY ENVIRONMENTAL (CENTRAL HOLDINGS) LIMITED,FALSE,LONDON,head_modifier,candidates,extra_token_only,Other / unclassified,2,cory environmental,cory environmental central,cory environmental,,central,100,95,cory,53,24674512.48,3148064
Y,,Swemko Ltd,SWEMKO (UK) LIMITED,TRUE,BRISTOL,clean,no_match,trailing_generic,Other / unclassified,1,swemko,swemko uk,swemko,,uk,100,90,swemko,1,49.5,4530324
N,missing in download :  BLONDEHOUSE LTD  Company number 15495882,Blondehouse Ltd,BLONDEHOUSE ESTATES LTD,TRUE,LONDON,clean,no_match,trailing_generic,Other / unclassified,1,blondehouse,blondehouse estates,blondehouse,,estates,100,90,blondehouse,1,2300,16124931
N,"""THE KNOWLEDGE CORPORATION LTD"",""07071071""",The Knowledge Company Ltd,1ST CLASS KNOWLEDGE HUB LIMITED,TRUE,WALTHAM CROSS,loose,candidates,extra_token_only,Other / unclassified,1,knowledge,1st class knowledge hub,knowledge,,1st class hub,100,90,knowledge,669,1500,12350937
Y,,ZFA Group Ltd,ZFA ACCOMMODATION LIMITED,TRUE,WOODFORD GREEN,head_modifier,candidates,extra_token_only,Other / unclassified,1,zfa,zfa accommodation,zfa,,accommodation,100,90,zfa,10,5787390,9994936
NC,personal payment,J And H Longford,J & H GROUP LTD,TRUE,DUNGANNON,loose,no_match,extra_token_only,Other / unclassified,2,jh longford,jh,jh,longford,,100,90,jh,1485,567.74,NI662181
Y,,Icims Inc,"ICIMS INTERNATIONAL, LLC",TRUE,HOLMDEL,clean,no_match,trailing_generic,Other / unclassified,1,icims,icims international,icims,,international,100,90,icims,3,107428.89,FC029170
N,,Loop Earplugs,LOOP HOLDINGS LTD,TRUE,NORTHAMPTON,loose,candidates,extra_token_only,Other / unclassified,2,loop earplugs,loop,loop,earplugs,,100,90,loop,456,225.61,13526497
N,,Shisha Garden Grill,GARDEN CO HOLDINGS LTD,TRUE,LONDON,loose,candidates,extra_token_only,Grounds & landscaping,3,shisha garden grill,garden,garden,shisha grill,,100,90,garden,7949,7.5,12778799
NC,Aerlingus KDHN is an airport,Aerling KDHN Scott 0,SCOTT & CO. LIMITED,TRUE,YORK,loose,no_match,extra_token_only,Other / unclassified,4,aerling kdhn scott 0,scott,scott,aerling kdhn 0,,100,90,scott,2855,703.14,7251414
N,"MURRAY HAY LLP,""OC436998""   replace solicitors with LLP",Murray HAY Solicitors,HAY GROUP LIMITED,TRUE,WALSALL,loose,no_match,extra_token_only,Legal services,3,murray hay solicitors,hay,hay,murray solicitors,,100,90,hay,473,11407.5,13762363
N,,Bradley Barrett TAS Amelie`s Place,AMELIE'S PLACE LTD,TRUE,LONDON,loose,no_match,extra_token_only,Other / unclassified,5,bradley barrett tas amelies place,amelies place,amelies place,bradley barrett tas,,100,90,amelies,6,982,15348314
N,"""ELITE SOFTWARE SYSTEMS LIMITED"",""09297836""",Elite Systems Ltd,ELITE AI SYSTEMS LTD,TRUE,SWANSEA,head_modifier,candidates,extra_token_only,IT & technology,2,elite systems,elite ai systems,elite systems,,ai,100,95,elite,8253,811466.14,16607484
Y,,Inews,INEWS MEDIA LIMITED,TRUE,LONDON,head_modifier,no_match,extra_token_only,Other / unclassified,1,inews,inews media,inews,,media,100,90,inews,1,16.67,8641027
N,MKO&Z LIMITED Company number 08554733,MKO & Z Ltd,MKO GROUP LTD,TRUE,PERSHORE,clean,no_match,extra_token_only,Other / unclassified,2,mko z,mko,mko,z,,100,90,mko,34,1800,17130307
N,,Booking #,11 BOOKING LIMITED,TRUE,LIVERPOOL,clean,candidates,extra_token_only,Other / unclassified,1,booking,11 booking,booking,,11,100,95,booking,196,3,10006667
Y,,Blendcross,BLENDCROSS HOLDINGS LIMITED,TRUE,LONDON,clean,candidates,extra_token_only,Other / unclassified,1,blendcross,blendcross,blendcross,,,100,100,blendcross,4,9090.91,13972959
N,"OCTOPUS ENERGY LIMITED,""09263424""",Octopus Energy UK House,CO ENERGY (UK) LIMITED,TRUE,LEEDS,loose,no_match,extra_token_only,Utilities & energy,4,octopus energy uk house,energy uk,energy uk,octopus house,,100,90,energy,17872,800,12945911
N,"""LONDON ORGANIC DAY NURSERIES LIMITED"",""07695336""",London Organic Day Nurseries L,DAY NURSERIES LIMITED,TRUE,LYMM,loose,candidates,extra_token_only,Other / unclassified,5,london organic day nurseries l,day nurseries,day nurseries,london organic l,,100,90,nurseries,1487,382436,5456124
Y,,Arleigh Holdings Ltd,ARLEIGH GROUP LIMITED,TRUE,READING,clean,candidates,extra_token_only,Other / unclassified,1,arleigh,arleigh,arleigh,,,100,100,arleigh,3,624.5,5217807
N,"SAGE LIMITED,""OE019538""",Sage,@SAGE COFFEE HOUSE LIMITED,TRUE,SOLIHULL,head_modifier,candidates,extra_token_only,Other / unclassified,1,sage,sage coffee house,sage,,coffee house,100,90,sage,725,38182.63,14508312
Y,,The Rembrandt Hotel Rembrandt Hotel Ltd,HOTEL REMBRANDT LIMITED,TRUE,DORSET,clean,no_match,extra_token_only,Accommodation / hotel,4,rembrandt hotel rembrandt hotel,hotel rembrandt,hotel rembrandt,,,100,90,rembrandt,21,5281,6022930
Y,,CEB UKV,C E B LIMITED,TRUE,ROMFORD,loose,no_match,extra_token_only,Other / unclassified,2,ceb ukv,ceb,ceb,ukv,,100,90,ceb,51,2239,11305056
N,"""SUNSHINE ESTATES LTD"",""12086545""",Sunshine Estate Ltd,A SUNSHINE COMPANY LTD,TRUE,LONDON,clean,candidates,trailing_generic,Property & facilities,2,sunshine estate,a sunshine,sunshine,estate,a,88,85,sunshine,945,1376731.4,16495751
NC,charity community group not in ch,Upper Street Assoc Gardens Subcommitte,ASSOC LIMITED,TRUE,LONDON,loose,no_match,extra_token_only,Other / unclassified,5,upper street assoc gardens subcommitte,assoc,assoc,upper street gardens subcommitte,,100,90,assoc,102,3143.82,16434063
N,"""THE HOSPITALITY COMPANY (LONDON) LTD"",""12411407""",The Hospitality Company Ltd,1 2 1 HOSPITALITY LIMITED,TRUE,POLEGATE,clean,candidates,extra_token_only,Other / unclassified,1,hospitality,121 hospitality,hospitality,,121,100,95,hospitality,6071,1553.5,7804210
Y,,Clearview Communications Ltd,CLEARVIEW COMMUNICATIONS HOLDINGS LTD,TRUE,CHELMSFORD,clean,candidates,extra_token_only,Telecoms,2,clearview communications,clearview communications,clearview communications,,,100,100,clearview,285,111038.11,13173391
N,missing in download: MBA QUALITY CARE LTD Company number 12635360,MBA Quality Care Ltd,CARE AND QUALITY LTD,TRUE,SAXMUNDHAM,loose,no_match,extra_token_only,Care & support services,3,mba quality care,care quality,care quality,mba,,100,95,quality,4487,6510,10692297
Y,,Aldanat Care,ALDANAT CARE SERVICES LTD,TRUE,LONDON,clean,no_match,trailing_generic,Care & support services,2,aldanat care,aldanat care services,aldanat care,,services,100,90,aldanat,2,869934.06,9432914
N,COIN STREET SECONDARY HOUSING CO-OPERATIVE LIMITED FCA register not ch,CSS Ltd,ADVENT CSS LIMITED,TRUE,GOOLE,loose,candidates,extra_token_only,Other / unclassified,1,css,advent css,css,,advent,100,90,css,196,254076.68,8175563
NC,charity list not ch,Royal National Institute Of The Blind,BLIND LIMITED,TRUE,LONDON,loose,no_match,trailing_generic,Other / unclassified,6,royal national institute of the blind,blind,blind,royal national institute of the,,100,90,blind,370,2740.52,3189129
N,,MD Ltd,1234 MD LIMITED,TRUE,nan,clean,candidates,extra_token_only,Other / unclassified,1,md,1234 md,md,,1234,100,90,md,2325,924,5726534
Y,,Barr + Wray Ltd,BARR + WRAY GROUP LIMITED,TRUE,GLASGOW,clean,candidates,extra_token_only,Other / unclassified,2,barr wray,barr wray,barr wray,,,100,100,wray,149,1771.25,SC640496
N,"DS SCAFFOLDING LIMITED,""07396037""",DS Scaffolding Ltd,D & S BEER SCAFFOLDING SERVICES LTD,TRUE,BRIDGEND,head_modifier,candidates,trailing_generic,Building trades,2,ds scaffolding,ds beer scaffolding services,ds scaffolding,,beer services,100,85,ds,2510,1000,14063807
N,,Shirley Hottier Illustrations,SHIRLEY & SHIRLEY HOLDINGS LTD,TRUE,LEIGH,loose,no_match,extra_token_only,Other / unclassified,3,shirley hottier illustrations,shirley shirley,shirley,hottier illustrations,,100,85,shirley,352,563,16308236
Y,,Five Fostering Ltd,FIVE FOSTERING HOLDINGS LTD,TRUE,BATTLE,clean,candidates,extra_token_only,Children's residential & fostering,2,five fostering,five fostering,five fostering,,,100,100,fostering,315,132501.76,15847063
N,"this sould be exact match:  ASHI GROUP LIMITED,""02540020""",Ashi Group Ltd,A S & H I INVESTMENTS LTD,TRUE,GLASGOW,head_modifier,candidates,extra_token_only,Other / unclassified,1,ashi,ashi investments,ashi,,investments,100,90,ashi,23,18904.83,SC748379
N,"this sould be exact match:   MISSION INC LTD,""04767110""",Mission Inc Ltd,1234 MISSION LTD,TRUE,LONDON,clean,candidates,extra_token_only,Other / unclassified,1,mission,1234 mission,mission,,1234,100,90,mission,1111,1995,16938948
Y,,Terraquest,TERRAQUEST SOLUTIONS LIMITED,TRUE,BIRMINGHAM,clean,no_match,trailing_generic,Other / unclassified,1,terraquest,terraquest solutions,terraquest,,solutions,100,90,terraquest,1,550,4653583
N,"this sould be exact match:   ""MANCHESTER MANUFACTURING GROUP LTD"",""06656049""",Manchester Manufacturing Group Ltd,CO MANUFACTURING LIMITED,TRUE,WAKEFIELD,loose,candidates,extra_token_only,Other / unclassified,2,manchester manufacturing,manufacturing,manufacturing,manchester,,100,90,manufacturing,2572,7309.25,5452183
N,"""SURE SPARK LTD"",""09195333""",Surespark Ltd,SURESPARK ELECTRICAL LIMITED,TRUE,NORTHIAM,head_modifier,no_match,extra_token_only,Other / unclassified,1,surespark,surespark electrical,surespark,,electrical,100,90,surespark,1,8000,11287283
Y,,Univar Ltd,UNIVAR EUROPE LIMITED,TRUE,BRADFORD,head_modifier,no_match,extra_token_only,Other / unclassified,1,univar,univar europe,univar,,europe,100,90,univar,8,1334.94,1130241
N,,Black Sheep Coffe,BLACK GROUP LTD,TRUE,LONDON,loose,candidates,extra_token_only,Other / unclassified,3,black sheep coffe,black,black,sheep coffe,,100,90,black,6748,21.21,16534639
Y,,Entre-prises Ltd,ENTRE-PRISES (UK) LIMITED,TRUE,BARNOLDSWICK,clean,candidates,trailing_generic,Other / unclassified,2,entre prises,entre prises uk,entre prises,,uk,100,95,prises,2,143127.69,3010771
N,"""COORDINATION GROUP PUBLICATIONS LTD"",""03831170""",CGP,C & G P ASSOCIATES LIMITED,TRUE,CARDIFF,head_modifier,candidates,extra_token_only,Other / unclassified,1,cgp,cgp associates,cgp,,associates,100,90,cgp,60,1647.4,5466959
N,"""SUPERDRUG STORES PLC"",""00807043""",Superdrug,SUPERDRUG PENSION TRUSTEE LIMITED,TRUE,CROYDON,head_modifier,no_match,extra_token_only,Other / unclassified,1,superdrug,superdrug pension trustee,superdrug,,pension trustee,100,90,superdrug,2,28.97,4330134
Y,,Oneplan,ONEPLAN HEALTH UK LTD,TRUE,TEDDINGTON,head_modifier,no_match,trailing_generic,Other / unclassified,1,oneplan,oneplan health uk,oneplan,,health uk,100,90,oneplan,2,27,12967423
Y,,Mondrem Ltd,MONDREM COMMUNITY INTEREST COMPANY,TRUE,KEELE,clean,no_match,abbrev_expansion,Other / unclassified,1,mondrem,mondrem community interest,mondrem,,community interest,100,90,mondrem,4,2400,10304589
Y,,Officework,OFFICEWORK SOFTWARE LIMITED,TRUE,TIVERTON,head_modifier,no_match,extra_token_only,Other / unclassified,1,officework,officework software,officework,,software,100,90,officework,1,2400,10015797
N,"this should be exact match:   CED LIMITED,""00624843""",CED Ltd,C E D DEVELOPMENTS LTD,TRUE,HEBDEN BRIDGE,head_modifier,candidates,extra_token_only,Other / unclassified,1,ced,ced developments,ced,,developments,100,90,ced,53,6726.3,13055735
N,"this should be exact match:   SILVERDOOR LIMITED,""03950962""",Silverdoor Ltd,SILVERDOOR AGENCY LIMITED,TRUE,YORK,head_modifier,candidates,extra_token_only,Other / unclassified,1,silverdoor,silverdoor agency,silverdoor,,agency,100,90,silverdoor,4,993643.03,7975801
N,"Stk*   is a code prefix not the supplier name. ""SHUTTERSTOCK (UK) LTD"",""08443009""",Stk*shutterstock,STK GROUP LTD,TRUE,HAYES,loose,no_match,extra_token_only,Other / unclassified,2,stk shutterstock,stk,stk,shutterstock,,100,90,stk,73,572.37,11515369
N,"SP is a code prefix not the supplier name.  ""CHILD BEREAVEMENT UK"",""03329289""  previous name: WINSTON'S WISH",SP Winstons Wish,GROUP S AND P LTD,TRUE,OLDHAM,loose,no_match,extra_token_only,Other / unclassified,3,sp winstons wish,sp,sp,winstons wish,,100,90,sp,2648,109.9,15586646
N,"this should be exact match:    ""CITYSCAPE DIGITAL LIMITED"",""04303751""",Cityscape Digital Ltd,CITYSCAPE DIGITAL (HOLDINGS) LIMITED,TRUE,LONDON,clean,candidates,extra_token_only,IT & technology,2,cityscape digital,cityscape digital,cityscape digital,,,100,100,cityscape,60,91763.6,9342217
N,,Indiano,INDIANO ANDERSON LTD,TRUE,SUNDERLAND,head_modifier,no_match,extra_token_only,Other / unclassified,1,indiano,indiano anderson,indiano,,anderson,100,90,indiano,8,11,15177592
N,missing in download:  MASTERFRYER LTD  Company number 15266760,Masterfryer,MASTERFRYER IFIELD LTD,TRUE,KINGSWOOD,head_modifier,no_match,extra_token_only,Other / unclassified,1,masterfryer,masterfryer ifield,masterfryer,,ifield,100,90,masterfryer,1,7.6,10500588
N,"""FIRST DAY NURSERY GREEN LANE LTD"",""03499061""    previous name: A.M.A.B. LIMITED",A.m.a.b Ltd,AMAB PROPERTIES LIMITED,TRUE,LONDON,head_modifier,no_match,extra_token_only,Other / unclassified,1,amab,amab properties,amab,,properties,100,90,amab,2,914819.79,16131733
N,LUKKA CARE HOMES (2010) LTD Company number 07247902,Ravenscourt Nursing Home,@HOME HOLDINGS LIMITED,TRUE,DERBY,loose,no_match,extra_token_only,Care home / residential care,3,ravenscourt nursing home,home,home,ravenscourt nursing,,100,90,home,21024,102071.47,13049565
N,missing in download:    HEALTH ADVOCACY UK LTD Company number 09234955,Health Advocacy UK Ltd,ADVOCACY AND HEALTH LTD,TRUE,ST. LEONARDS-ON-SEA,clean,no_match,trailing_generic,Advice & advocacy,3,health advocacy uk,advocacy health,advocacy health,uk,,100,95,advocacy,357,4250,10602949
N,missing in download:    HOMECARE AND MORE LTD Company number 13394428,361 The Ridge,8 RIDGE HOLDINGS LIMITED,TRUE,MANCHESTER,clean,no_match,trailing_generic,Other / unclassified,3,361 the ridge,8 ridge,ridge,361 the,8,83,85,ridge,907,14158.96,17130609
N,,The Broadway Surgery,"BROADWAY & CO.,LIMITED",TRUE,BIRMINGHAM,loose,candidates,extra_token_only,GP / medical practice,2,broadway surgery,broadway,broadway,surgery,,100,90,broadway,796,23725,73818
N,"""MULTIVERSE GROUP LIMITED"",""10027474""   previous name: WHITEHAT GROUP LIMITED",Whitehat Group Ltd,WHITEHAT HACKERS LIMITED,TRUE,LONDON,head_modifier,no_match,extra_token_only,Other / unclassified,1,whitehat,whitehat hackers,whitehat,,hackers,100,90,whitehat,6,16500,11681575
N,"""ALBANWISE INSURANCE SERVICES LIMITED"",""01535804""",Albanwise Insurance,ALBANWISE HOLDINGS LIMITED,TRUE,CAMBRIDGE,loose,candidates,extra_token_only,Insurance,2,albanwise insurance,albanwise,albanwise,insurance,,100,90,albanwise,8,379.4,13342778
N,"""UNIVERSITY COLLEGE SCHOOL"",""16336234""",UCS Hampstead,HAMPSTEAD GROUP LTD,TRUE,UXBRIDGE,loose,no_match,extra_token_only,Other / unclassified,2,ucs hampstead,hampstead,hampstead,ucs,,100,95,hampstead,451,21979.99,12126574
N,HULL & COMPANY ILFORD LIMITED Company number 08455862,Hull & Company,(HULL) MANAGEMENT COMPANY LTD,TRUE,DEEPING ST NICHOLAS,head_modifier,candidates,extra_token_only,Other / unclassified,1,hull,hull management,hull,,management,100,90,hull,2025,810,16768933
